bin_type,volume_capacity,count,cost
1,30.0,35,100.0
2,61.0,28,124.92758985107666
3,69.0,183,121.9928164646921
4,78.0,4,154.6830735855094
