bin_type,volume_capacity,count,cost
1,30.0,35,100.0
2,61.0,28,130.3717502700811
3,69.0,183,126.820467042945
4,78.0,4,144.87722372324876
