bin_type,volume_capacity,count,cost
1,30.0,140,100.0
2,61.0,110,132.85195055062093
3,69.0,730,127.12609072399557
4,78.0,20,151.46914849889762
