bin_type,volume_capacity,count,cost
1,30.0,140,100.0
2,61.0,110,127.62586305691521
3,69.0,730,129.36710482226036
4,78.0,20,148.33683829179782
