bin_type,volume_capacity,count,cost
1,30.0,70,100.0
2,61.0,55,127.07430727899288
3,69.0,365,126.40975757107559
4,78.0,10,158.50496045959056
