bin_type,volume_capacity,count,cost
1,30.0,140,100.0
2,61.0,110,136.82517879592172
3,69.0,730,126.32867234571228
4,78.0,20,151.9316783138889
