bin_type,volume_capacity,count,cost
1,30.0,35,100.0
2,61.0,28,122.63842609026459
3,69.0,183,126.11127582656827
4,78.0,4,152.06749604690668
