bin_type,volume_capacity,count,cost
1,30.0,140,100.0
2,61.0,110,122.05923703981851
3,69.0,730,136.03524038451133
4,78.0,20,147.01061837926184
