bin_type,volume_capacity,count,cost
1,30.0,70,100.0
2,61.0,55,133.2610149545756
3,69.0,365,121.34865658428484
4,78.0,10,159.6753890909772
