bin_type,volume_capacity,count,cost
1,30.0,140,100.0
2,61.0,110,123.79351760848884
3,69.0,730,122.11331171081082
4,78.0,20,148.06870157008115
