bin_type,volume_capacity,count,cost
1,30.0,140,100.0
2,61.0,110,134.7295408355324
3,69.0,730,128.50758350571022
4,78.0,20,153.798363764534
