bin_type,volume_capacity,count,cost
1,30.0,70,100.0
2,61.0,55,120.41842621758387
3,69.0,365,119.14344632259048
4,78.0,10,147.4727521024465
