bin_type,volume_capacity,count,cost
1,30.0,35,100.0
2,61.0,28,124.65633180901658
3,69.0,183,129.00141050898006
4,78.0,4,159.2711573487802
