bin_type,volume_capacity,count,cost
1,30.0,140,100.0
2,61.0,110,129.0291258086786
3,69.0,730,136.71623419215982
4,78.0,20,148.54943130207462
