bin_type,volume_capacity,count,cost
1,30.0,70,100.0
2,61.0,55,130.088414493459
3,69.0,365,123.32486980614591
4,78.0,10,154.12019001552858
