bin_type,volume_capacity,count,cost
1,30.0,140,100.0
2,61.0,110,126.64589272165821
3,69.0,730,121.33531677943569
4,78.0,20,153.2078665905853
