bin_type,volume_capacity,count,cost
1,30.0,70,100.0
2,61.0,55,127.03085383585487
3,69.0,365,134.66776773464352
4,78.0,10,157.93559595435264
