bin_type,volume_capacity,count,cost
1,30.0,140,100.0
2,61.0,110,117.70510515853123
3,69.0,730,130.23608746751168
4,78.0,20,141.9643987236098
