bin_type,volume_capacity,count,cost
1,30.0,35,100.0
2,61.0,28,131.93371693954577
3,69.0,183,131.71679753931954
4,78.0,4,158.7702859607285
