bin_type,volume_capacity,count,cost
1,30.0,35,100.0
2,61.0,28,131.40953500626196
3,69.0,183,122.19183502481538
4,78.0,4,146.55815957908894
