bin_type,volume_capacity,count,cost
1,30.0,35,100.0
2,61.0,28,124.82170216705612
3,69.0,183,124.68986309210793
4,78.0,4,154.56041321390396
