bin_type,volume_capacity,count,cost
1,30.0,140,100.0
2,61.0,110,128.82079285344756
3,69.0,730,125.08771014265169
4,78.0,20,140.26104633304269
