bin_type,volume_capacity,count,cost
1,30.0,70,100.0
2,61.0,55,124.91990095787445
3,69.0,365,126.33768328501762
4,78.0,10,156.57503895732856
