bin_type,volume_capacity,count,cost
1,30.0,35,100.0
2,61.0,28,129.12509246660758
3,69.0,183,132.86145111196902
4,78.0,4,155.44597945009397
