bin_type,volume_capacity,count,cost
1,30.0,70,100.0
2,61.0,55,128.71404610600828
3,69.0,365,134.9592961397008
4,78.0,10,159.85161280834382
