bin_type,volume_capacity,count,cost
1,30.0,140,100.0
2,61.0,110,121.44790245709729
3,69.0,730,132.4285564427517
4,78.0,20,159.34558436711941
