bin_type,volume_capacity,count,cost
1,30.0,35,100.0
2,61.0,28,131.05984592910931
3,69.0,183,126.41957290062102
4,78.0,4,140.29915956595246
