bin_type,volume_capacity,count,cost
1,30.0,35,100.0
2,61.0,28,117.01364603724392
3,69.0,183,127.82191429452185
4,78.0,4,157.70034388064894
