bin_type,volume_capacity,count,cost
1,30.0,35,100.0
2,61.0,28,121.9523048927796
3,69.0,183,131.1074018239488
4,78.0,4,150.28968445342952
