bin_type,volume_capacity,count,cost
1,30.0,140,100.0
2,61.0,110,134.62317844176332
3,69.0,730,130.02691566091914
4,78.0,20,159.96828755159473
