bin_type,volume_capacity,count,cost
1,30.0,70,100.0
2,61.0,55,118.57958943148512
3,69.0,365,130.4531918259354
4,78.0,10,148.95137014766613
