bin_type,volume_capacity,count,cost
1,30.0,140,100.0
2,61.0,110,125.84427191870351
3,69.0,730,123.80585055380621
4,78.0,20,159.37478839570122
