bin_type,volume_capacity,count,cost
1,30.0,35,100.0
2,61.0,28,125.81032546712272
3,69.0,183,123.3471692135582
4,78.0,4,145.20737093725228
