bin_type,volume_capacity,count,cost
1,30.0,140,100.0
2,61.0,110,128.41905525125122
3,69.0,730,120.00974918866285
4,78.0,20,150.96900029331408
