bin_type,volume_capacity,count,cost
1,30.0,70,100.0
2,61.0,55,117.89040924000376
3,69.0,365,128.3274327725463
4,78.0,10,147.363763990991
