bin_type,volume_capacity,count,cost
1,30.0,140,100.0
2,61.0,110,122.95569490547017
3,69.0,730,130.2768776940037
4,78.0,20,146.8731720779387
