bin_type,volume_capacity,count,cost
1,30.0,140,100.0
2,61.0,110,132.50844631977657
3,69.0,730,122.86734027755176
4,78.0,20,144.3630663139299
