bin_type,volume_capacity,count,cost
1,30.0,35,100.0
2,61.0,28,124.55957195693847
3,69.0,183,133.29709623719498
4,78.0,4,149.31992798377308
