bin_type,volume_capacity,count,cost
1,30.0,140,100.0
2,61.0,110,136.20384468463334
3,69.0,730,124.88486128231396
4,78.0,20,154.29851973533854
