bin_type,volume_capacity,count,cost
1,30.0,35,100.0
2,61.0,28,121.72299529256792
3,69.0,183,128.96791414744354
4,78.0,4,149.9548186486083
