bin_type,volume_capacity,count,cost
1,30.0,140,100.0
2,61.0,110,125.43225843665407
3,69.0,730,127.68770004823635
4,78.0,20,156.9929727312729
