bin_type,volume_capacity,count,cost
1,30.0,35,100.0
2,61.0,28,133.09882280859492
3,69.0,183,120.24744600541278
4,78.0,4,148.10434493079276
