bin_type,volume_capacity,count,cost
1,30.0,35,100.0
2,61.0,28,121.38319875506376
3,69.0,183,135.7193616778657
4,78.0,4,143.0313009995615
