bin_type,volume_capacity,count,cost
1,30.0,140,100.0
2,61.0,110,130.83474821349384
3,69.0,730,121.4046905895068
4,78.0,20,149.26792413942738
