bin_type,volume_capacity,count,cost
1,30.0,35,100.0
2,61.0,28,128.58397983281355
3,69.0,183,121.83346499804662
4,78.0,4,151.96182089899057
