bin_type,volume_capacity,count,cost
1,30.0,35,100.0
2,61.0,28,128.2887146222009
3,69.0,183,131.35630998863962
4,78.0,4,157.9607796761462
