bin_type,volume_capacity,count,cost
1,30.0,35,100.0
2,61.0,28,135.91113989760416
3,69.0,183,129.51348584787476
4,78.0,4,152.77691590891482
