bin_type,volume_capacity,count,cost
1,30.0,35,100.0
2,61.0,28,117.47919849887299
3,69.0,183,128.87610408052217
4,78.0,4,154.31973653946105
