bin_type,volume_capacity,count,cost
1,30.0,35,100.0
2,61.0,28,136.04753196383766
3,69.0,183,117.72828432999466
4,78.0,4,144.6511079115786
