bin_type,volume_capacity,count,cost
1,30.0,70,100.0
2,61.0,55,130.4359039268482
3,69.0,365,127.09344536487343
4,78.0,10,157.4201071265181
