bin_type,volume_capacity,count,cost
1,30.0,70,100.0
2,61.0,55,128.99722078749394
3,69.0,365,135.3863724110008
4,78.0,10,158.55499382846622
