bin_type,volume_capacity,count,cost
1,30.0,140,100.0
2,61.0,110,122.81812557994542
3,69.0,730,135.32545747868863
4,78.0,20,153.25575081148384
