bin_type,volume_capacity,count,cost
1,30.0,140,100.0
2,61.0,110,117.46657514946844
3,69.0,730,124.52520739083513
4,78.0,20,159.98152935289784
