bin_type,volume_capacity,count,cost
1,30.0,70,100.0
2,61.0,55,126.90195197726507
3,69.0,365,131.26836904399389
4,78.0,10,141.52652816185142
