bin_type,volume_capacity,count,cost
1,30.0,70,100.0
2,61.0,55,133.0061489633298
3,69.0,365,131.35996659731862
4,78.0,10,152.34745622121469
