bin_type,volume_capacity,count,cost
1,30.0,140,100.0
2,61.0,110,131.28501455458493
3,69.0,730,122.311451268528
4,78.0,20,150.53666052157556
