bin_type,volume_capacity,count,cost
1,30.0,140,100.0
2,61.0,110,130.71904057802936
3,69.0,730,133.93656423316057
4,78.0,20,140.28787471841542
