bin_type,volume_capacity,count,cost
1,30.0,140,100.0
2,61.0,110,122.11345550210292
3,69.0,730,126.62117463361831
4,78.0,20,142.07935157926917
