bin_type,volume_capacity,count,cost
1,30.0,70,100.0
2,61.0,55,123.53831175345724
3,69.0,365,117.99702924146395
4,78.0,10,145.62652836852652
