bin_type,volume_capacity,count,cost
1,30.0,140,100.0
2,61.0,110,122.32388360711559
3,69.0,730,117.12887822550358
4,78.0,20,147.56432616590706
