bin_type,volume_capacity,count,cost
1,30.0,35,100.0
2,61.0,28,132.40906616714292
3,69.0,183,126.10937239160104
4,78.0,4,140.34213683694827
