bin_type,volume_capacity,count,cost
1,30.0,70,100.0
2,61.0,55,117.31400935640663
3,69.0,365,120.75379153763859
4,78.0,10,157.1578012908225
