bin_type,volume_capacity,count,cost
1,30.0,35,100.0
2,61.0,28,128.77308224139693
3,69.0,183,135.09111484397
4,78.0,4,151.62654516014308
