bin_type,volume_capacity,count,cost
1,30.0,35,100.0
2,61.0,28,122.3107571851939
3,69.0,183,127.61810120218504
4,78.0,4,148.09793598232764
