bin_type,volume_capacity,count,cost
1,30.0,35,100.0
2,61.0,28,130.083672438355
3,69.0,183,117.50159830178663
4,78.0,4,148.9643219612494
