bin_type,volume_capacity,count,cost
1,30.0,70,100.0
2,61.0,55,127.88387925793558
3,69.0,365,132.11862338168532
4,78.0,10,154.9258801894051
