bin_type,volume_capacity,count,cost
1,30.0,70,100.0
2,61.0,55,129.01713887599308
3,69.0,365,122.9566259881835
4,78.0,10,144.7514488939115
