bin_type,volume_capacity,count,cost
1,30.0,70,100.0
2,61.0,55,126.09918151390218
3,69.0,365,134.43027775506053
4,78.0,10,156.287767750973
