bin_type,volume_capacity,count,cost
1,30.0,35,100.0
2,61.0,28,131.19910078739753
3,69.0,183,133.04201620445474
4,78.0,4,154.30464890401456
