bin_type,volume_capacity,count,cost
1,30.0,140,100.0
2,61.0,110,119.03552539546409
3,69.0,730,119.82555837301813
4,78.0,20,153.2196059371497
