bin_type,volume_capacity,count,cost
1,30.0,35,100.0
2,61.0,28,135.4895056003987
3,69.0,183,125.85122422206963
4,78.0,4,154.92429276161008
