bin_type,volume_capacity,count,cost
1,30.0,35,100.0
2,61.0,28,125.71638641349081
3,69.0,183,136.06494785324594
4,78.0,4,144.1970672597128
