bin_type,volume_capacity,count,cost
1,30.0,35,100.0
2,61.0,28,134.51564195766778
3,69.0,183,126.07282197467438
4,78.0,4,149.8923363312175
