bin_type,volume_capacity,count,cost
1,30.0,140,100.0
2,61.0,110,133.91273469447722
3,69.0,730,124.1130583404876
4,78.0,20,156.53424798127634
