bin_type,volume_capacity,count,cost
1,30.0,70,100.0
2,61.0,55,129.14135657214732
3,69.0,365,129.8261023963556
4,78.0,10,141.85870608957862
