bin_type,volume_capacity,count,cost
1,30.0,70,100.0
2,61.0,55,130.03707573855124
3,69.0,365,120.2582849306042
4,78.0,10,141.36532889500572
