bin_type,volume_capacity,count,cost
1,30.0,35,100.0
2,61.0,28,118.91781528747543
3,69.0,183,136.0554842991545
4,78.0,4,158.81466491526243
