bin_type,volume_capacity,count,cost
1,30.0,140,100.0
2,61.0,110,120.5848653462684
3,69.0,730,135.21228966159873
4,78.0,20,159.83912965860304
