bin_type,volume_capacity,count,cost
1,30.0,140,100.0
2,61.0,110,133.59863717569428
3,69.0,730,132.88097857005965
4,78.0,20,154.3922895491065
