bin_type,volume_capacity,count,cost
1,30.0,70,100.0
2,61.0,55,130.2105609834642
3,69.0,365,130.943248500907
4,78.0,10,143.7274140372222
