bin_type,volume_capacity,count,cost
1,30.0,140,100.0
2,61.0,110,133.36593019364892
3,69.0,730,126.56951459436836
4,78.0,20,144.5485430782219
