bin_type,volume_capacity,count,cost
1,30.0,70,100.0
2,61.0,55,135.6005465326553
3,69.0,365,128.6909142689488
4,78.0,10,147.80982571461098
