bin_type,volume_capacity,count,cost
1,30.0,140,100.0
2,61.0,110,122.03795963536106
3,69.0,730,130.65522480044385
4,78.0,20,144.74349814865218
