bin_type,volume_capacity,count,cost
1,30.0,35,100.0
2,61.0,28,124.2168915606387
3,69.0,183,130.76230194467527
4,78.0,4,152.77139946562338
