bin_type,volume_capacity,count,cost
1,30.0,70,100.0
2,61.0,55,133.4266374726763
3,69.0,365,136.45158784154202
4,78.0,10,151.9924346547671
