bin_type,volume_capacity,count,cost
1,30.0,140,100.0
2,61.0,110,118.4644704687052
3,69.0,730,124.14587261019363
4,78.0,20,145.7175704904552
