bin_type,volume_capacity,count,cost
1,30.0,35,100.0
2,61.0,28,125.12534380389648
3,69.0,183,119.51669895636904
4,78.0,4,152.0406650572404
