bin_type,volume_capacity,count,cost
1,30.0,35,100.0
2,61.0,28,121.58857932641298
3,69.0,183,119.89219828654724
4,78.0,4,144.3235218904243
