bin_type,volume_capacity,count,cost
1,30.0,70,100.0
2,61.0,55,124.14378675341894
3,69.0,365,131.95224634136386
4,78.0,10,147.78983838209822
