bin_type,volume_capacity,count,cost
1,30.0,140,100.0
2,61.0,110,126.67741795609051
3,69.0,730,133.10153931645058
4,78.0,20,157.9452702054176
