bin_type,volume_capacity,count,cost
1,30.0,35,100.0
2,61.0,28,122.23532402146705
3,69.0,183,126.63951137119551
4,78.0,4,141.2013793249092
