bin_type,volume_capacity,count,cost
1,30.0,70,100.0
2,61.0,55,125.85387982188621
3,69.0,365,124.07247907769457
4,78.0,10,151.59415339242378
