bin_type,volume_capacity,count,cost
1,30.0,140,100.0
2,61.0,110,122.2365211100808
3,69.0,730,120.92921979990322
4,78.0,20,158.80263212384412
