bin_type,volume_capacity,count,cost
1,30.0,70,100.0
2,61.0,55,129.79812416532675
3,69.0,365,118.00354639570484
4,78.0,10,151.27073045309476
