bin_type,volume_capacity,count,cost
1,30.0,140,100.0
2,61.0,110,136.04750732723042
3,69.0,730,123.78409083597977
4,78.0,20,155.29240968412572
