bin_type,volume_capacity,count,cost
1,30.0,140,100.0
2,61.0,110,117.01803743465534
3,69.0,730,126.81093827720308
4,78.0,20,142.4439438718285
