bin_type,volume_capacity,count,cost
1,30.0,35,100.0
2,61.0,28,125.95610580126798
3,69.0,183,122.46458577402102
4,78.0,4,157.8400993189493
