bin_type,volume_capacity,count,cost
1,30.0,140,100.0
2,61.0,110,127.39857228050651
3,69.0,730,120.81945982337828
4,78.0,20,156.00996295837064
