bin_type,volume_capacity,count,cost
1,30.0,140,100.0
2,61.0,110,135.97921441194205
3,69.0,730,135.566022019453
4,78.0,20,153.15328714978062
