bin_type,volume_capacity,count,cost
1,30.0,35,100.0
2,61.0,28,129.79133017841698
3,69.0,183,125.37822717823586
4,78.0,4,151.1867369991447
