bin_type,volume_capacity,count,cost
1,30.0,140,100.0
2,61.0,110,127.69528226314587
3,69.0,730,133.30470103287865
4,78.0,20,149.08008808662206
