bin_type,volume_capacity,count,cost
1,30.0,140,100.0
2,61.0,110,136.2142245506115
3,69.0,730,130.16225222742264
4,78.0,20,143.02512991390512
