bin_type,volume_capacity,count,cost
1,30.0,140,100.0
2,61.0,110,119.30824949140666
3,69.0,730,121.82903828959593
4,78.0,20,142.4744998941856
