bin_type,volume_capacity,count,cost
1,30.0,70,100.0
2,61.0,55,123.7831749863665
3,69.0,365,123.59515177489469
4,78.0,10,147.60139905569744
