bin_type,volume_capacity,count,cost
1,30.0,35,100.0
2,61.0,28,125.54096462608592
3,69.0,183,122.828754392562
4,78.0,4,150.0962367005204
