bin_type,volume_capacity,count,cost
1,30.0,70,100.0
2,61.0,55,127.71611462473687
3,69.0,365,135.35353466226923
4,78.0,10,159.62931697777606
