bin_type,volume_capacity,count,cost
1,30.0,140,100.0
2,61.0,110,119.3989482130411
3,69.0,730,133.40664143462206
4,78.0,20,142.8461784261446
