bin_type,volume_capacity,count,cost
1,30.0,140,100.0
2,61.0,110,127.28684462290813
3,69.0,730,134.2797656277482
4,78.0,20,154.38773742481428
