bin_type,volume_capacity,count,cost
1,30.0,35,100.0
2,61.0,28,128.5681582187517
3,69.0,183,134.8987479955433
4,78.0,4,155.97249183623225
