bin_type,volume_capacity,count,cost
1,30.0,140,100.0
2,61.0,110,121.0744902855837
3,69.0,730,126.50200510434827
4,78.0,20,159.24296901106027
