bin_type,volume_capacity,count,cost
1,30.0,70,100.0
2,61.0,55,128.26647071018792
3,69.0,365,121.2520026930798
4,78.0,10,141.64077961643338
