bin_type,volume_capacity,count,cost
1,30.0,70,100.0
2,61.0,55,127.92293014801349
3,69.0,365,124.3870814655036
4,78.0,10,157.50875929762736
