bin_type,volume_capacity,count,cost
1,30.0,140,100.0
2,61.0,110,128.1814324214877
3,69.0,730,123.05321573137941
4,78.0,20,147.1639567117646
