bin_type,volume_capacity,count,cost
1,30.0,70,100.0
2,61.0,55,122.13411620437643
3,69.0,365,126.893586543777
4,78.0,10,153.21583114968368
