bin_type,volume_capacity,count,cost
1,30.0,70,100.0
2,61.0,55,134.50365834444457
3,69.0,365,123.69257961489537
4,78.0,10,152.11427803096353
