bin_type,volume_capacity,count,cost
1,30.0,70,100.0
2,61.0,55,129.8731474907108
3,69.0,365,121.4915127292773
4,78.0,10,155.35204078388873
