bin_type,volume_capacity,count,cost
1,30.0,140,100.0
2,61.0,110,135.827637329224
3,69.0,730,128.84926070116114
4,78.0,20,146.37683426273102
