bin_type,volume_capacity,count,cost
1,30.0,35,100.0
2,61.0,28,125.22744416456324
3,69.0,183,121.47036513890413
4,78.0,4,153.92084118082818
