bin_type,volume_capacity,count,cost
1,30.0,35,100.0
2,61.0,28,121.64080957611424
3,69.0,183,131.7925452547883
4,78.0,4,153.45440394846614
