bin_type,volume_capacity,count,cost
1,30.0,70,100.0
2,61.0,55,127.99032853997488
3,69.0,365,134.35108370690725
4,78.0,10,141.2103324719778
