bin_type,volume_capacity,count,cost
1,30.0,35,100.0
2,61.0,28,127.01979803436406
3,69.0,183,122.17268284473437
4,78.0,4,153.3114222195402
