bin_type,volume_capacity,count,cost
1,30.0,35,100.0
2,61.0,28,117.17087292192274
3,69.0,183,121.98471234185878
4,78.0,4,145.1095541087501
