bin_type,volume_capacity,count,cost
1,30.0,140,100.0
2,61.0,110,124.90714566117857
3,69.0,730,134.83886755700442
4,78.0,20,143.6622339542819
