bin_type,volume_capacity,count,cost
1,30.0,70,100.0
2,61.0,55,136.6467040312677
3,69.0,365,124.48570913871664
4,78.0,10,158.70565449424947
