bin_type,volume_capacity,count,cost
1,30.0,35,100.0
2,61.0,28,117.28263305922519
3,69.0,183,127.2009258810052
4,78.0,4,148.85671720255345
