bin_type,volume_capacity,count,cost
1,30.0,35,100.0
2,61.0,28,124.76550239277115
3,69.0,183,121.68150873401802
4,78.0,4,142.92844030870708
