bin_type,volume_capacity,count,cost
1,30.0,70,100.0
2,61.0,55,133.31239143487994
3,69.0,365,123.2848171599247
4,78.0,10,154.2615155706205
