bin_type,volume_capacity,count,cost
1,30.0,70,100.0
2,61.0,55,126.90932165562047
3,69.0,365,120.27535539349981
4,78.0,10,148.09890277052426
