bin_type,volume_capacity,count,cost
1,30.0,35,100.0
2,61.0,28,125.96724826383652
3,69.0,183,121.13138605998282
4,78.0,4,148.30438897082814
