bin_type,volume_capacity,count,cost
1,30.0,35,100.0
2,61.0,28,124.92196869239464
3,69.0,183,119.8535672870407
4,78.0,4,145.8526854217607
