bin_type,volume_capacity,count,cost
1,30.0,70,100.0
2,61.0,55,119.60302624255264
3,69.0,365,119.76954730597186
4,78.0,10,147.61309273894477
