bin_type,volume_capacity,count,cost
1,30.0,70,100.0
2,61.0,55,122.67350562576405
3,69.0,365,118.51385556610634
4,78.0,10,154.13934057011411
