bin_type,volume_capacity,count,cost
1,30.0,70,100.0
2,61.0,55,124.58438022137678
3,69.0,365,130.30262170969638
4,78.0,10,154.04250413211236
