bin_type,volume_capacity,count,cost
1,30.0,140,100.0
2,61.0,110,124.64604694054586
3,69.0,730,128.27789884626426
4,78.0,20,143.75964959269294
