bin_type,volume_capacity,count,cost
1,30.0,70,100.0
2,61.0,55,118.92719885305902
3,69.0,365,135.29526357639406
4,78.0,10,152.44181240544162
