bin_type,volume_capacity,count,cost
1,30.0,70,100.0
2,61.0,55,118.61702825444685
3,69.0,365,136.82926751283478
4,78.0,10,142.25794133343797
