bin_type,volume_capacity,count,cost
1,30.0,70,100.0
2,61.0,55,135.61124084777208
3,69.0,365,122.74568056735541
4,78.0,10,152.77116097240997
