bin_type,volume_capacity,count,cost
1,30.0,35,100.0
2,61.0,28,125.4609961084738
3,69.0,183,124.04885444073393
4,78.0,4,147.5571754781358
