bin_type,volume_capacity,count,cost
1,30.0,140,100.0
2,61.0,110,118.30255324355178
3,69.0,730,131.8617399406334
4,78.0,20,150.61959760656794
