bin_type,volume_capacity,count,cost
1,30.0,70,100.0
2,61.0,55,128.78262233400505
3,69.0,365,134.4772257935454
4,78.0,10,158.5253473252154
