bin_type,volume_capacity,count,cost
1,30.0,70,100.0
2,61.0,55,120.65707764695514
3,69.0,365,119.47766522498732
4,78.0,10,142.97932295278358
