bin_type,volume_capacity,count,cost
1,30.0,70,100.0
2,61.0,55,128.5501242839091
3,69.0,365,125.06518273014444
4,78.0,10,143.06907577917812
