bin_type,volume_capacity,count,cost
1,30.0,35,100.0
2,61.0,28,131.06676231560155
3,69.0,183,117.34850702035334
4,78.0,4,159.98441741015608
