bin_type,volume_capacity,count,cost
1,30.0,70,100.0
2,61.0,55,135.6389605125418
3,69.0,365,127.29249675919417
4,78.0,10,150.2086543892379
