bin_type,volume_capacity,count,cost
1,30.0,140,100.0
2,61.0,110,128.68638776874778
3,69.0,730,123.42232617761093
4,78.0,20,144.81588263027982
