bin_type,volume_capacity,count,cost
1,30.0,70,100.0
2,61.0,55,133.31960690355885
3,69.0,365,129.85857025837313
4,78.0,10,143.93190489655296
