bin_type,volume_capacity,count,cost
1,30.0,70,100.0
2,61.0,55,122.79671504421144
3,69.0,365,136.18450210743558
4,78.0,10,140.7478723234236
