bin_type,volume_capacity,count,cost
1,30.0,35,100.0
2,61.0,28,124.74821255575158
3,69.0,183,126.18602674711133
4,78.0,4,146.4853556064756
