bin_type,volume_capacity,count,cost
1,30.0,35,100.0
2,61.0,28,124.84638017475298
3,69.0,183,131.80451967086154
4,78.0,4,151.79790617392638
