bin_type,volume_capacity,count,cost
1,30.0,35,100.0
2,61.0,28,135.6024830944097
3,69.0,183,125.6863313772017
4,78.0,4,148.6894320017749
