bin_type,volume_capacity,count,cost
1,30.0,140,100.0
2,61.0,110,122.52106240084134
3,69.0,730,132.18335828441343
4,78.0,20,140.6583440135716
